"check","status","message"
"source_app","success","Completed."
"devtools_check","success","Completed."
"testthat","success","Completed."
"qa_package_distribution","success","Completed."
"qa_electron_distribution","success","Completed."
"qa_build_week_demo","success","Completed."
"qa_report_browser","success","Completed."
"qa_agent_operation_runtime","success","Completed."
"pkgdown_build_site","success","Completed."
"release_files","success","Completed."
"release_checksums","success","Completed."
"readme_media","success","Completed."
"demo_frame_style","success","Completed."
"public_markdown_no_developer_paths","success","Completed."
"git_diff_check","success","Completed."
